ship_id,day,fuel_type,predicted_value
S21,136,ME_FULLSPEED_CONSUMP_VLSFO,28.694512
S21,144,ME_FULLSPEED_CONSUMP_VLSFO,105.883584
S21,149,ME_FULLSPEED_CONSUMP_VLSFO,84.774680
S21,150,ME_FULLSPEED_CONSUMP_VLSFO,147.036948
S21,157,ME_FULLSPEED_CONSUMP_VLSFO,76.070153
S21,162,ME_FULLSPEED_CONSUMP_VLSFO,78.536853
S21,960,ME_FULLSPEED_CONSUMP_VLSFO,17.346778
S21,961,ME_FULLSPEED_CONSUMP_VLSFO,2.454607
S21,962,ME_FULLSPEED_CONSUMP_VLSFO,7.116572
S21,967,ME_FULLSPEED_CONSUMP_VLSFO,83.231180
S21,970,ME_FULLSPEED_CONSUMP_HSHFO,88.479134
S21,971,ME_FULLSPEED_CONSUMP_HSHFO,86.591251
S21,978,ME_FULLSPEED_CONSUMP_HSHFO,104.968487
S21,980,ME_FULLSPEED_CONSUMP_HSHFO,108.186423
S21,982,ME_FULLSPEED_CONSUMP_HSHFO,107.911880
S21,983,ME_FULLSPEED_CONSUMP_HSHFO,104.355672
S21,1008,ME_FULLSPEED_CONSUMP_HSHFO,2.871628
S21,1014,ME_FULLSPEED_CONSUMP_HSHFO,33.441365
S21,1017,ME_FULLSPEED_CONSUMP_HSHFO,62.209591
S21,1018,ME_FULLSPEED_CONSUMP_HSHFO,57.033601
S21,1021,ME_FULLSPEED_CONSUMP_HSHFO,69.647051
S21,1023,ME_FULLSPEED_CONSUMP_HSHFO,64.430708
S21,1029,ME_FULLSPEED_CONSUMP_HSHFO,53.952357
S21,1034,ME_FULLSPEED_CONSUMP_HSHFO,23.977900
S21,1396,ME_FULLSPEED_CONSUMP_HSHFO,108.610163
S21,1401,ME_FULLSPEED_CONSUMP_HSHFO,98.650886
S21,1407,ME_FULLSPEED_CONSUMP_HSHFO,82.634171
S21,1409,ME_FULLSPEED_CONSUMP_HSHFO,87.539573
S21,1414,ME_FULLSPEED_CONSUMP_HSHFO,85.749244
S21,1416,ME_FULLSPEED_CONSUMP_HSHFO,83.629682
S21,1418,ME_FULLSPEED_CONSUMP_HSHFO,85.324016
S21,1619,ME_FULLSPEED_CONSUMP_HSHFO,24.582322
S21,1623,ME_FULLSPEED_CONSUMP_VLSFO,26.584000
S21,1634,ME_FULLSPEED_CONSUMP_HSHFO,94.680264
S21,1643,ME_FULLSPEED_CONSUMP_HSHFO,98.903675
S21,1644,ME_FULLSPEED_CONSUMP_HSHFO,97.791058
S21,1762,ME_FULLSPEED_CONSUMP_HSHFO,106.660671
S21,1764,ME_FULLSPEED_CONSUMP_HSHFO,25.445797
S21,1771,ME_FULLSPEED_CONSUMP_HSHFO,97.407421
S21,1775,ME_FULLSPEED_CONSUMP_HSHFO,100.384953
S21,1785,ME_FULLSPEED_CONSUMP_HSHFO,100.050454
S21,1786,ME_FULLSPEED_CONSUMP_HSHFO,100.084347
S21,1788,ME_FULLSPEED_CONSUMP_HSHFO,100.224696
S22,927,ME_FULLSPEED_CONSUMP_HSHFO,27.460668
S22,938,ME_FULLSPEED_CONSUMP_HSHFO,100.097279
S22,943,ME_FULLSPEED_CONSUMP_HSHFO,88.390474
S22,944,ME_FULLSPEED_CONSUMP_HSHFO,90.103518
S22,949,ME_FULLSPEED_CONSUMP_HSHFO,107.145530
S22,951,ME_FULLSPEED_CONSUMP_HSHFO,88.708736
S22,952,ME_FULLSPEED_CONSUMP_HSHFO,95.168471
S22,953,ME_FULLSPEED_CONSUMP_HSHFO,90.419677
S22,954,ME_FULLSPEED_CONSUMP_HSHFO,94.061643
S22,955,ME_FULLSPEED_CONSUMP_HSHFO,87.752301
S22,1208,ME_FULLSPEED_CONSUMP_HSHFO,42.178011
S22,1219,ME_FULLSPEED_CONSUMP_HSHFO,49.806650
S22,1221,ME_FULLSPEED_CONSUMP_HSHFO,53.871580
S22,1228,ME_FULLSPEED_CONSUMP_HSHFO,56.880304
S22,1231,ME_FULLSPEED_CONSUMP_HSHFO,56.261917
S22,1233,ME_FULLSPEED_CONSUMP_HSHFO,53.460421
S22,1235,ME_FULLSPEED_CONSUMP_HSHFO,52.735811
S22,1682,ME_FULLSPEED_CONSUMP_HSHFO,84.046982
S22,1689,ME_FULLSPEED_CONSUMP_HSHFO,110.814230
S22,1695,ME_FULLSPEED_CONSUMP_HSHFO,87.258344
S22,1697,ME_FULLSPEED_CONSUMP_HSHFO,88.480371
S22,1702,ME_FULLSPEED_CONSUMP_HSHFO,85.513668
S22,1704,ME_FULLSPEED_CONSUMP_HSHFO,84.772936
S22,1707,ME_FULLSPEED_CONSUMP_HSHFO,88.851968
S23,780,ME_FULLSPEED_CONSUMP_HSHFO,67.278866
S23,782,ME_FULLSPEED_CONSUMP_HSHFO,62.395982
S23,784,ME_FULLSPEED_CONSUMP_HSHFO,62.156106
S23,785,ME_FULLSPEED_CONSUMP_HSHFO,65.651383
S23,788,ME_FULLSPEED_CONSUMP_HSHFO,73.769624
S23,790,ME_FULLSPEED_CONSUMP_HSHFO,65.458616
S23,791,ME_FULLSPEED_CONSUMP_HSHFO,59.387291
S23,798,ME_FULLSPEED_CONSUMP_HSHFO,122.530831
S23,1307,ME_FULLSPEED_CONSUMP_HSHFO,86.221520
S23,1312,ME_FULLSPEED_CONSUMP_HSHFO,71.169869
S23,1323,ME_FULLSPEED_CONSUMP_HSHFO,107.709085
S23,1326,ME_FULLSPEED_CONSUMP_HSHFO,81.415452
S23,1329,ME_FULLSPEED_CONSUMP_HSHFO,77.180582
S23,1332,ME_FULLSPEED_CONSUMP_HSHFO,77.486473
S23,1334,ME_FULLSPEED_CONSUMP_HSHFO,75.434506
S23,1495,ME_FULLSPEED_CONSUMP_HSHFO,94.012978
S23,1497,ME_FULLSPEED_CONSUMP_HSHFO,94.652731
S23,1498,ME_FULLSPEED_CONSUMP_HSHFO,104.047248
S23,1500,ME_FULLSPEED_CONSUMP_HSHFO,94.321015
S23,1504,ME_FULLSPEED_CONSUMP_HSHFO,90.815615
S23,1505,ME_FULLSPEED_CONSUMP_HSHFO,91.163618
S23,1511,ME_FULLSPEED_CONSUMP_HSHFO,92.328947
S23,1544,ME_FULLSPEED_CONSUMP_HSHFO,102.798696
S23,1548,ME_FULLSPEED_CONSUMP_HSHFO,41.928353
S23,1549,ME_FULLSPEED_CONSUMP_HSHFO,39.746491
S23,1554,ME_FULLSPEED_CONSUMP_HSHFO,93.258207
S23,1560,ME_FULLSPEED_CONSUMP_HSHFO,103.715907
S23,1561,ME_FULLSPEED_CONSUMP_HSHFO,97.741657
S23,1565,ME_FULLSPEED_CONSUMP_HSHFO,106.496325
S23,1666,ME_FULLSPEED_CONSUMP_HSHFO,98.747532
S23,1667,ME_FULLSPEED_CONSUMP_HSHFO,110.043722
S23,1680,ME_FULLSPEED_CONSUMP_HSHFO,111.140173
S23,1684,ME_FULLSPEED_CONSUMP_HSHFO,99.615198
S23,1685,ME_FULLSPEED_CONSUMP_HSHFO,94.762926
S23,1686,ME_FULLSPEED_CONSUMP_HSHFO,59.758555
